<?xml version="1.0" encoding="utf-8"?>
<ArrayOfLabelFormat xmlns:xsi="http://www.w3.org/2001/XMLSchema-instance" xmlns:xsd="http://www.w3.org/2001/XMLSchema">
  <LabelFormat>
    <Name>None</Name>
    <DisplayValue>None</DisplayValue>
    <Width>
      <Value>0</Value>
    </Width>
    <Height>
      <Value>0</Value>
    </Height>
  </LabelFormat>
  <LabelFormat>
    <Name>A5 Portrait</Name>
    <DisplayValue>A5 Portrait - [14,8 x 21 cm]</DisplayValue>
    <Width>
      <Value>14.8</Value>
      <Unit>
        <Name>cm</Name>
      </Unit>
    </Width>
    <Height>
      <Value>21</Value>
      <Unit>
        <Name>cm</Name>
      </Unit>
    </Height>
  </LabelFormat>
  <LabelFormat>
    <Name>A5 Landscape</Name>
    <DisplayValue>A5 Landscape - [21 x 14,8 cm]</DisplayValue>
    <Width>
      <Value>21</Value>
      <Unit>
        <Name>cm</Name>
      </Unit>
    </Width>
    <Height>
      <Value>14.8</Value>
      <Unit>
        <Name>cm</Name>
      </Unit>
    </Height>
  </LabelFormat>
  <LabelFormat>
    <Name>A6 Portrait</Name>
    <DisplayValue>A6 Portrait - [105 x 148 mm]</DisplayValue>
    <Width>
      <Value>105</Value>
      <Unit>
        <Name>mm</Name>
      </Unit>
    </Width>
    <Height>
      <Value>148</Value>
      <Unit>
        <Name>mm</Name>
      </Unit>
    </Height>
  </LabelFormat>
  <LabelFormat>
    <Name>A6 Landscape</Name>
    <DisplayValue>A6 Landscape - [148 x 105 mm]</DisplayValue>
    <Width>
      <Value>148</Value>
      <Unit>
        <Name>mm</Name>
      </Unit>
    </Width>
    <Height>
      <Value>105</Value>
      <Unit>
        <Name>mm</Name>
      </Unit>
    </Height>
  </LabelFormat>
  <LabelFormat>
    <Name>A7 Portrait</Name>
    <DisplayValue>A7 Portrait - [74 x 105 mm]</DisplayValue>
    <Width>
      <Value>74</Value>
      <Unit>
        <Name>mm</Name>
      </Unit>
    </Width>
    <Height>
      <Value>105</Value>
      <Unit>
        <Name>mm</Name>
      </Unit>
    </Height>
  </LabelFormat>
  <LabelFormat>
    <Name>A7 Landscape</Name>
    <DisplayValue>A7 Landscape - [105 x 74 mm]</DisplayValue>
    <Width>
      <Value>105</Value>
      <Unit>
        <Name>mm</Name>
      </Unit>
    </Width>
    <Height>
      <Value>74</Value>
      <Unit>
        <Name>mm</Name>
      </Unit>
    </Height>
  </LabelFormat>
  <LabelFormat>
    <Name>A8 Portrait</Name>
    <DisplayValue>A8 Portrait - [52 x 74 mm]</DisplayValue>
    <Width>
      <Value>52</Value>
      <Unit>
        <Name>mm</Name>
      </Unit>
    </Width>
    <Height>
      <Value>74</Value>
      <Unit>
        <Name>mm</Name>
      </Unit>
    </Height>
  </LabelFormat>
  <LabelFormat>
    <Name>A8 Landscape</Name>
    <DisplayValue>A8 Landscape - [74 x 52 mm]</DisplayValue>
    <Width>
      <Value>74</Value>
      <Unit>
        <Name>mm</Name>
      </Unit>
    </Width>
    <Height>
      <Value>52</Value>
      <Unit>
        <Name>mm</Name>
      </Unit>
    </Height>
  </LabelFormat>
  <LabelFormat>
    <Name>A9 Portrait</Name>
    <DisplayValue>A9 Portrait - [37 x 52 mm]</DisplayValue>
    <Width>
      <Value>37</Value>
      <Unit>
        <Name>mm</Name>
      </Unit>
    </Width>
    <Height>
      <Value>52</Value>
      <Unit>
        <Name>mm</Name>
      </Unit>
    </Height>
  </LabelFormat>
  <LabelFormat>
    <Name>A9 Landscape</Name>
    <DisplayValue>A9 Landscape - [52 x 37 mm]</DisplayValue>
    <Width>
      <Value>52</Value>
      <Unit>
        <Name>mm</Name>
      </Unit>
    </Width>
    <Height>
      <Value>37</Value>
      <Unit>
        <Name>mm</Name>
      </Unit>
    </Height>
  </LabelFormat>
  <LabelFormat>
    <Name>A10 Portrait</Name>
    <DisplayValue>A10 Portrait - [27 x 36 mm]</DisplayValue>
    <Width>
      <Value>27</Value>
      <Unit>
        <Name>mm</Name>
      </Unit>
    </Width>
    <Height>
      <Value>36</Value>
      <Unit>
        <Name>mm</Name>
      </Unit>
    </Height>
  </LabelFormat>
  <LabelFormat>
    <Name>A10 Landscape</Name>
    <DisplayValue>A10 Landscape - [36 x 27 mm]</DisplayValue>
    <Width>
      <Value>36</Value>
      <Unit>
        <Name>mm</Name>
      </Unit>
    </Width>
    <Height>
      <Value>27</Value>
      <Unit>
        <Name>mm</Name>
      </Unit>
    </Height>
  </LabelFormat>
  <LabelFormat>
    <Name>6"*4"</Name>
    <DisplayValue>6"*4" - [6 x 4 in]</DisplayValue>
    <Width>
      <Value>6</Value>
      <Unit>
        <Name>in</Name>
      </Unit>
    </Width>
    <Height>
      <Value>4</Value>
      <Unit>
        <Name>in</Name>
      </Unit>
    </Height>
  </LabelFormat>
</ArrayOfLabelFormat>